{"":{"select":"?resource ?dcterms_title  ?dcterms_description","queryParams":{"offsetChecked":"","distinctChecked":"","limitChecked":"","reducedChecked":"","offsetVal":"0","limitVal":"0"},"name":"","orderBy":"","where":"{\r\n   ?resource a uml:Class .\r\n   ?resource dcterms:title ?dcterms_title .\r\n   ?resource dcterms:description ?dcterms_description .\r\n}"},"myQ":{"select":"?resource ?uml_hasObject  ?dcterms_description","queryParams":{"offsetChecked":"","distinctChecked":"","limitChecked":"","reducedChecked":"","offsetVal":"0","limitVal":"0"},"name":"myQ","orderBy":"DESC(?uml_hasObject)","where":"{\r\n   ?resource a uml:Class .\r\n   ?resource uml:hasObject ?uml_hasObject .\r\n   ?resource dcterms:description ?dcterms_description .\r\n}"}}