<?xml version="1.0" encoding="UTF-8"?>
<!--
   Licensed to the Apache Software Foundation (ASF) under one or more
   contributor license agreements.  See the NOTICE file distributed with
   this work for additional information regarding copyright ownership.
   The ASF licenses this file to You under the Apache License, Version 2.0
   (the "License"); you may not use this file except in compliance with
   the License.  You may obtain a copy of the License at

       http://www.apache.org/licenses/LICENSE-2.0

   Unless required by applicable law or agreed to in writing, software
   distributed under the License is distributed on an "AS IS" BASIS,
   WITHOUT WARRANTIES OR CONDITIONS OF ANY KIND, either express or implied.
   See the License for the specific language governing permissions and
   limitations under the License.
-->

<assembly xmlns="http://maven.apache.org/plugins/maven-assembly-plugin/assembly/1.1.1"
	  xmlns:xsi="http://www.w3.org/2001/XMLSchema-instance"
	  xsi:schemaLocation="xmlns=http://maven.apache.org/plugins/maven-assembly-plugin/assembly/1.1.1 http://maven.apache.org/xsd/assembly-1.1.1.xsd">
  <id>distribution</id>
  <baseDirectory>apache-jena-${project.version}</baseDirectory>
  <formats>
    <!-- Remove while testing (slow upload!) -->
    <!--<format>tar.gz</format>-->
    <format>zip</format>
  </formats>
  
  <dependencySets>
    <dependencySet>
      <unpack>false</unpack>
      <scope>test</scope>
      <outputDirectory>/lib</outputDirectory>
    </dependencySet>
  </dependencySets>

  <fileSets>
    <fileSet>
      <includes>
        <include>copyright.txt</include>
        <include>INSTALL.txt</include>
        <include>readme.html</include>
        <include>README.txt</include>
        <include>ReleaseNotes.txt</include>
      </includes>
    </fileSet>

    <!-- lib directory -->
    <!-- copy the ARQ dependences not copied by the dependencySet above
         Assumes ARQ is not in the dependency set for jena
      -->
    <fileSet>
      <directory>${project.basedir}/lib</directory>
      <outputDirectory>lib</outputDirectory>
      <includes>
        <include>arq-*</include>
        <include>lucene-*</include>
        <include>stax-api-*</include>
        <include>wstx-asl-*</include>
      </includes>
    </fileSet>

    <!-- Copy over sources, including sources of dependencies. -->
    <fileSet>
      <directory>${project.build.directory}/dependency-sources</directory>
      <outputDirectory>lib-src</outputDirectory>
      <includes>
        <include>iri-*-sources.jar</include>
      </includes>
    </fileSet>

    <fileSet>
      <directory>${project.build.directory}</directory>
      <outputDirectory>lib-src</outputDirectory>
      <includes>
        <include>jena-${project.version}-sources.jar</include>
        <include>jena-${project.version}-tests-sources.jar</include>
      </includes>
    </fileSet>

    <fileSet>
      <directory>${project.build.directory}</directory>
      <outputDirectory>lib</outputDirectory>
      <includes>
        <include>jena-${project.version}-tests.jar</include>
      </includes>
    </fileSet>

    <fileSet>
      <directory>${project.build.directory}</directory>
      <outputDirectory></outputDirectory>
      <includes>
        <include>jena-${project.version}-sources.jar</include>
      </includes>
    </fileSet>

    <fileSet>
      <directory>testing</directory>
    </fileSet>

    <fileSet>
      <includes>
        <include>test.sh</include>
        <include>test.bat</include>
      </includes>
    </fileSet>

    <fileSet>
      <directory>bat</directory>
    </fileSet>

    <fileSet>
      <directory>bin</directory>
    </fileSet>

    <fileSet>
      <directory>src-examples</directory>
    </fileSet>

    <fileSet>
      <directory>${project.build.directory}/apidocs</directory>
      <outputDirectory>javadoc</outputDirectory>
    </fileSet>

  </fileSets>

</assembly>
