{"prt-105->prt-104":{"http:\/\/shani-mac.haifa.ibm.com:8080\/dm\/sm\/repository\/prt-105\/resource\/0002":"http:\/\/shani-mac.haifa.ibm.com:8080\/dm\/sm\/repository\/prt-104\/resource\/0004","http:\/\/shani-mac.haifa.ibm.com:8080\/dm\/sm\/repository\/prt-105\/resource\/0003":"http:\/\/shani-mac.haifa.ibm.com:8080\/dm\/sm\/repository\/prt-104\/resource\/0003","http:\/\/shani-mac.haifa.ibm.com:8080\/dm\/sm\/repository\/prt-105\/resource\/0004":"http:\/\/shani-mac.haifa.ibm.com:8080\/dm\/sm\/repository\/prt-104\/resource\/0002","http:\/\/shani-mac.haifa.ibm.com:8080\/dm\/sm\/repository\/prt-105\/resource\/0005":"http:\/\/shani-mac.haifa.ibm.com:8080\/dm\/sm\/repository\/prt-104\/resource\/0005"},"prt-104->prt-105":{"http:\/\/shani-mac.haifa.ibm.com:8080\/dm\/sm\/repository\/prt-104\/resource\/0005":"http:\/\/shani-mac.haifa.ibm.com:8080\/dm\/sm\/repository\/prt-105\/resource\/0005","http:\/\/shani-mac.haifa.ibm.com:8080\/dm\/sm\/repository\/prt-104\/resource\/0004":"http:\/\/shani-mac.haifa.ibm.com:8080\/dm\/sm\/repository\/prt-105\/resource\/0002","##MediationTraceKey##":"---------------------------\nRules execution trace:\n---------------------------\nClasses: null\nProperties: null\nValues: null\nSuperClasses: null\nSuperProperties: null\nMultiRestrictionEquivalence:\nreplace:\n\ntypes:\n\n\nUnhandled Predicates:\n---------------------\n\nhttp:\/\/purl.org\/dc\/terms\/description\nhttp:\/\/purl.org\/dc\/terms\/title\nhttp:\/\/www.w3.org\/1999\/02\/22-rdf-syntax-ns#type\n\nUnhandled Objects:\n------------------\n\nhttp:\/\/shani-mac.haifa.ibm.com:8080\/dm\/sm\/repository\/prt-104\/resource\/0002\nhttp:\/\/shani-mac.haifa.ibm.com:8080\/dm\/sm\/repository\/prt-104\/resource\/0003\nhttp:\/\/shani-mac.haifa.ibm.com:8080\/dm\/sm\/repository\/prt-104\/resource\/0004\nhttp:\/\/shani-mac.haifa.ibm.com:8080\/dm\/sm\/repository\/prt-104\/resource\/0005\n\n---------------------------\nMediation rules:\n---------------------------\n@prefix rdfs:    <http:\/\/www.w3.org\/2000\/01\/rdf-schema#> .\n@prefix sml:     <http:\/\/psymbiosys.eu\/ontologies\/sml#> .\n@prefix owl:     <http:\/\/www.w3.org\/2002\/07\/owl#> .\n@prefix xsd:     <http:\/\/www.w3.org\/2001\/XMLSchema#> .\n@prefix umlsml:  <http:\/\/psymbiosys.eu\/rules\/uml_sml#> .\n@prefix rdf:     <http:\/\/www.w3.org\/1999\/02\/22-rdf-syntax-ns#> .\n@prefix uml:     <http:\/\/psymbiosys.eu\/ontologies\/uml#> .\n@prefix smc:     <http:\/\/com.ibm.ns\/haifa\/sm#> .\n\nsml:hasBlock\n      owl:equivalentProperty\n              uml:hasClass .\n\nsml:Part\n      owl:equivalentClass uml:Object .\n\nsml:hasPart\n      owl:equivalentProperty\n              uml:hasObject .\n\nsml:Block\n      owl:equivalentClass uml:Class .\n\numlsml:\n      a       owl:Ontology ;\n      owl:imports sml: , uml: ;\n      owl:versionInfo <http:\/\/psymbiosys.eu\/rules\/uml_sml.v0> .\n","http:\/\/shani-mac.haifa.ibm.com:8080\/dm\/sm\/repository\/prt-104\/resource\/0003":"http:\/\/shani-mac.haifa.ibm.com:8080\/dm\/sm\/repository\/prt-105\/resource\/0003","http:\/\/shani-mac.haifa.ibm.com:8080\/dm\/sm\/repository\/prt-104\/resource\/0002":"http:\/\/shani-mac.haifa.ibm.com:8080\/dm\/sm\/repository\/prt-105\/resource\/0004"},"prt-104->prt-107":{"http:\/\/shani-mac.haifa.ibm.com:8080\/dm\/sm\/repository\/prt-104\/resource\/0005":"http:\/\/shani-mac.haifa.ibm.com:8080\/dm\/sm\/repository\/prt-107\/resource\/0007","http:\/\/shani-mac.haifa.ibm.com:8080\/dm\/sm\/repository\/prt-104\/resource\/0004":"http:\/\/shani-mac.haifa.ibm.com:8080\/dm\/sm\/repository\/prt-107\/resource\/0009","http:\/\/shani-mac.haifa.ibm.com:8080\/dm\/sm\/repository\/prt-104\/resource\/0003":"http:\/\/shani-mac.haifa.ibm.com:8080\/dm\/sm\/repository\/prt-107\/resource\/0006","http:\/\/shani-mac.haifa.ibm.com:8080\/dm\/sm\/repository\/prt-104\/resource\/0002":"http:\/\/shani-mac.haifa.ibm.com:8080\/dm\/sm\/repository\/prt-107\/resource\/0008"},"prt-107->prt-104":{"http:\/\/shani-mac.haifa.ibm.com:8080\/dm\/sm\/repository\/prt-107\/resource\/0009":"http:\/\/shani-mac.haifa.ibm.com:8080\/dm\/sm\/repository\/prt-104\/resource\/0004","http:\/\/shani-mac.haifa.ibm.com:8080\/dm\/sm\/repository\/prt-107\/resource\/0008":"http:\/\/shani-mac.haifa.ibm.com:8080\/dm\/sm\/repository\/prt-104\/resource\/0002","http:\/\/shani-mac.haifa.ibm.com:8080\/dm\/sm\/repository\/prt-107\/resource\/0007":"http:\/\/shani-mac.haifa.ibm.com:8080\/dm\/sm\/repository\/prt-104\/resource\/0005","http:\/\/shani-mac.haifa.ibm.com:8080\/dm\/sm\/repository\/prt-107\/resource\/0006":"http:\/\/shani-mac.haifa.ibm.com:8080\/dm\/sm\/repository\/prt-104\/resource\/0003"}}