{
    "configs": [
        {
            "apiName": "rhapsody",
            "archived": "",
            "dateCreated": 1337118515357,
            "dateModified": 1341301867777,
            "id": "Cnf-113",
            "inputOntologyId": "",
            "interceptorClass": "com.ibm.dm.frontService.sm.service.SmPlainMediationModule",
            "outputOntologyId": "",
            "ruleSetId": "",
            "service": "export",
            "status": "ready",
            "tool": "Rhapsody",
            "version": "1"
        },
        {
            "apiName": "rhapsody",
            "archived": "",
            "dateCreated": 1337533266507,
            "dateModified": 1341301887009,
            "id": "Cnf-121",
            "inputOntologyId": "",
            "interceptorClass": "com.ibm.dm.frontService.sm.interceptor.ExtractInterceptor",
            "outputOntologyId": "",
            "ruleSetId": "Rul-133",
            "service": "import",
            "status": "ready",
            "tool": "Rhapsody",
            "version": "2"
        },
        {
            "apiName": "",
            "archived": "",
            "dateCreated": 1337761984157,
            "dateModified": 1338366483521,
            "id": "Cnf-123",
            "inputOntologyId": "",
            "interceptorClass": "",
            "outputOntologyId": "",
            "ruleSetId": "",
            "service": "both",
            "status": "created",
            "tool": "",
            "version": ""
        },
        {
            "apiName": "",
            "archived": "",
            "dateCreated": 1337780526354,
            "dateModified": 1337780526354,
            "id": "Cnf-129",
            "inputOntologyId": "",
            "interceptorClass": "",
            "outputOntologyId": "",
            "ruleSetId": "",
            "service": "both",
            "status": "created",
            "tool": "",
            "version": ""
        }
    ],
    "counter": 149,
    "ontologies": [
        {
            "archived": "",
            "dateCreated": 1338366508416,
            "dateModified": 1341219272824,
            "fileName": "SM.model.rdf\\Ontology\\\/rhapsody\/haifa\/sm.owl",
            "id": "Ont-137",
            "name": "Rhapsody",
            "nameSpace": "http:\/\/com.ibm.ns\/rhapsody\/haifa\/sm#",
            "status": "ready",
            "version": "http:\/\/com.ibm.ns\/rhapsody\/haifa\/sm.v4"
        },
        {
            "archived": "",
            "dateCreated": 1338802763517,
            "dateModified": 1341306573840,
            "fileName": "SM.model.rdf\\Ontology\\\/ns\/am.owl",
            "id": "Ont-138",
            "name": "OSLC AM",
            "nameSpace": "http:\/\/open-services.net\/ns\/am#",
            "status": "ready",
            "version": ""
        },
        {
            "archived": "",
            "dateCreated": 1338929817580,
            "dateModified": 1339007807596,
            "fileName": "SM.model.rdf\\Ontology\\\/haifa\/sm.owl",
            "id": "Ont-145",
            "name": "SM base ontology",
            "nameSpace": "http:\/\/com.ibm.ns\/haifa\/sm#",
            "status": "ready",
            "version": "http:\/\/com.ibm.ns\/haifa\/sm.v1"
        },
        {
            "archived": "",
            "dateCreated": 1338957605495,
            "dateModified": 1341138376082,
            "fileName": "SM.model.rdf\\Ontology\\.owl",
            "id": "Ont-146",
            "name": "Structure rules ontology",
            "nameSpace": "http:\/\/rules#",
            "status": "ready",
            "version": "http:\/\/rules\/v.1"
        },
        {
            "archived": "",
            "dateCreated": 1341042231506,
            "dateModified": 1341305529589,
            "fileName": "SM.model.rdf\\Ontology\\\/2000\/01\/rdf-schema.owl",
            "id": "Ont-148",
            "name": "RDFS",
            "nameSpace": "http:\/\/www.w3.org\/2000\/01\/rdf-schema#",
            "status": "ready",
            "version": ""
        },
        {
            "archived": "",
            "dateCreated": 1341124626379,
            "dateModified": 1341124650987,
            "fileName": "SM.model.rdf\\Ontology\\\/1999\/02\/22-rdf-syntax-ns.owl",
            "id": "Ont-149",
            "name": "RDF",
            "nameSpace": "http:\/\/www.w3.org\/1999\/02\/22-rdf-syntax-ns#",
            "status": "ready",
            "version": ""
        }
    ],
    "rules": [
        {
            "archived": "",
            "dateCreated": 1337781908074,
            "dateModified": 1341222766071,
            "fileName": "SM.model.rdf\\Ruleset\\\/extract\/rhapsody\/rules.owl",
            "id": "Rul-133",
            "name": "Rhapsody Extraction",
            "nameSpace": "http:\/\/com.ibm.sm\/extract\/rhapsody\/rules#",
            "status": "ready",
            "version": "http:\/\/com.ibm.sm\/extract\/rhapsody\/rules\/v.1"
        },
        {
            "archived": "",
            "dateCreated": 1338366506884,
            "dateModified": 1338366506884,
            "fileName": "",
            "id": "Rul-135",
            "name": "",
            "nameSpace": "",
            "status": "created",
            "version": ""
        }
    ],
    "showActive": null
}