{"":{"select":"?resource ?sml_hasBlock  ?dcterms_title","queryParams":{"offsetChecked":"","distinctChecked":"","limitChecked":"","reducedChecked":"","offsetVal":"0","limitVal":"0"},"name":"","orderBy":"","where":"{\r\n   ?resource a sml:Part .\r\n   ?resource sml:hasBlock ?sml_hasBlock .\r\n   ?resource dcterms:title ?dcterms_title .\r\n}"},"q1":{"select":"?resource  ?sml_hasBlock","queryParams":{"offsetChecked":"","distinctChecked":"","limitChecked":"","reducedChecked":"","offsetVal":"0","limitVal":"0"},"name":"q1","orderBy":"","where":"{\r\n   ?resource a sml:Part .\r\n   ?resource sml:hasBlock ?sml_hasBlock .\r\n}"},"q2":{"select":"?resource ?sml_hasBlock  ?dcterms_title","queryParams":{"offsetChecked":"","distinctChecked":"","limitChecked":"","reducedChecked":"","offsetVal":"0","limitVal":"0"},"name":"q2","orderBy":"","where":"{\r\n   ?resource a sml:Part .\r\n   ?resource sml:hasBlock ?sml_hasBlock .\r\n   ?resource dcterms:title ?dcterms_title .\r\n}"}}