{
  "version": "2.6",
  "mVars": {
    "nameValuePairs": {
      "contentType": "text/turtle"
    }
  },
  "counter": 118,
  "ontologies": [
    {
      "importUrl": "",
      "prefix": "smc",
      "isImported": false,
      "viewConfig": "[{\"forText\":\"true\",\"forView\":\"true\",\"tag\":\"\u003ci\u003e%\u003c\\/i\u003e\",\"title\":\"Label\",\"content\":[\"http:\\/\\/www.w3.org\\/2000\\/01\\/rdf-schema#label\"]},{\"forText\":\"true\",\"forView\":\"true\",\"tag\":\"%\",\"title\":\"Comment\",\"content\":[\"http:\\/\\/www.w3.org\\/2000\\/01\\/rdf-schema#comment\"]}]",
      "modelInstanceNamespace": "http://com.ibm.ns/haifa/sm#",
      "fileName": "loaded",
      "validationTime": 1503570372578,
      "topPropertiesDate": 0,
      "name": "SM base ontology",
      "msg": "",
      "isPermanent": false,
      "version": "http://com.ibm.ns/haifa/sm#",
      "status": "ready",
      "archived": false,
      "tags": "",
      "dateCreated": 1462210924000,
      "mIsTemp": false,
      "comments": "",
      "id": "OntSM",
      "lastModified": 1502899823000
    },
    {
      "importUrl": "",
      "prefix": "uml",
      "isImported": false,
      "viewConfig": "",
      "modelInstanceNamespace": "http://psymbiosys.eu/ontologies/uml#",
      "fileName": "loaded",
      "validationTime": 1503570372600,
      "topProperties": [
        "http://purl.org/dc/terms/title",
        "http://purl.org/dc/terms/description"
      ],
      "root": "http://psymbiosys.eu/ontologies/uml#uml_Classes",
      "topPropertiesDate": 1503491295000,
      "name": "uml",
      "msg": "",
      "isPermanent": false,
      "version": "http://psymbiosys.eu/ontologies/uml.v0",
      "status": "ready",
      "archived": false,
      "tags": "",
      "dateCreated": 1462261947000,
      "mIsTemp": false,
      "comments": "Original, owned and editable by this server",
      "id": "Ont-101",
      "lastModified": 1503498433000
    },
    {
      "importUrl": "",
      "prefix": "sml",
      "isImported": false,
      "viewConfig": "",
      "modelInstanceNamespace": "http://psymbiosys.eu/ontologies/sml#",
      "fileName": "loaded",
      "validationTime": 1503570435336,
      "topProperties": [
        "http://www.w3.org/2000/01/rdf-schema#comment",
        "http://www.w3.org/2000/01/rdf-schema#label",
        "http://purl.org/dc/terms/description",
        "http://purl.org/dc/terms/title"
      ],
      "root": "http://psymbiosys.eu/ontologies/sml#sml_Classes",
      "topPropertiesDate": 1462282757000,
      "name": "sml",
      "msg": "",
      "isPermanent": false,
      "version": "http://psymbiosys.eu/ontologies/sml.v0",
      "status": "ready",
      "archived": false,
      "tags": "",
      "dateCreated": 1462273079000,
      "mIsTemp": false,
      "comments": "",
      "id": "Ont-102",
      "lastModified": 1503498433000
    },
    {
      "importUrl": "",
      "prefix": "uml",
      "isImported": false,
      "viewConfig": "",
      "modelInstanceNamespace": "http://localhost:8080/dm/sm/ontology/def/uml#",
      "fileName": "loaded",
      "validationTime": 1503570372617,
      "topProperties": [
        "http://www.w3.org/2000/01/rdf-schema#comment",
        "http://www.w3.org/2000/01/rdf-schema#label",
        "http://purl.org/dc/terms/description",
        "http://purl.org/dc/terms/title"
      ],
      "root": "http://localhost:8080/dm/sm/ontology/def/uml#uml_Classes",
      "topPropertiesDate": 1464856014000,
      "name": "uml",
      "msg": "",
      "isPermanent": false,
      "version": "http://localhost:8080/dm/sm/ontology/def/uml/v2.0",
      "status": "ready",
      "archived": true,
      "tags": "",
      "dateCreated": 1464277150000,
      "mIsTemp": false,
      "comments": "Original, owned and editable by this server",
      "id": "Ont-115",
      "lastModified": 1503498433000
    }
  ],
  "ports": [
    {
      "accessibility": "NO_SERVICE",
      "isDirect": false,
      "type": "repository",
      "accessName": "attachments",
      "ontologyId": "OntSM",
      "friendId": "",
      "associatedRepositoryId": "",
      "importUrl": "",
      "prefix": "",
      "isImported": false,
      "viewConfig": "[{\u0027tag\u0027:\u0027\u003ci\u003e%\u003c/i\u003e\u0027,\u0027forText\u0027:\u0027true\u0027, \u0027forView\u0027:\u0027true\u0027,\u0027title\u0027:\u0027Title\u0027,\u0027content\u0027:[\u0027http://purl.org/dc/terms/title\u0027]},\n {\u0027tag\u0027:\u0027%\u0027,\u0027forText\u0027:\u0027true\u0027, \u0027forView\u0027:\u0027true\u0027,\u0027title\u0027:\u0027Description\u0027,\u0027content\u0027:[\u0027http://purl.org/dc/terms/description\u0027]}, {\u0027tag\u0027:\u0027%\u0027,\u0027forText\u0027:\u0027false\u0027, \u0027forView\u0027:\u0027true\u0027,\u0027title\u0027:\u0027Attachment Type\u0027,\u0027content\u0027:[\u0027http://com.ibm.ns/haifa/sm#hasAttachmentType\u0027]}, {\u0027tag\u0027:\u0027%\u0027,\u0027forText\u0027:\u0027false\u0027, \u0027forView\u0027:\u0027true\u0027,\u0027title\u0027:\u0027Mime Type\u0027,\u0027content\u0027:[\u0027http://com.ibm.ns/haifa/sm#isMimeType\u0027]}, {\u0027tag\u0027:\u0027\u003ca href\u003d\"%\"\u003e%\u003c/a\u003e\u0027,\u0027forText\u0027:\u0027false\u0027, \u0027forView\u0027:\u0027true\u0027,\u0027title\u0027:\u0027Attachment\u0027,\u0027content\u0027:[\u0027http://com.ibm.ns/haifa/sm#hasAttachment\u0027]}]",
      "modelInstanceNamespace": "",
      "fileName": "",
      "validationTime": 0,
      "topPropertiesDate": 0,
      "name": "Attachments Repsitory",
      "msg": "",
      "isPermanent": true,
      "version": "1.02",
      "status": "ready",
      "archived": false,
      "tags": "",
      "dateCreated": 1462210924062,
      "mIsTemp": false,
      "comments": "",
      "id": "PrtAR",
      "lastModified": 1464856019000
    },
    {
      "accessibility": "EXPORT",
      "isDirect": false,
      "type": "repository",
      "accessName": "prt-104",
      "ontologyId": "Ont-101",
      "friendId": "",
      "associatedRepositoryId": "",
      "importUrl": "",
      "prefix": "",
      "isImported": false,
      "viewConfig": "",
      "modelInstanceNamespace": "",
      "fileName": "",
      "validationTime": 0,
      "topPropertiesDate": 0,
      "name": "uml rep.",
      "msg": "",
      "isPermanent": false,
      "version": "1",
      "status": "ready",
      "archived": false,
      "tags": "",
      "dateCreated": 1462287782000,
      "mIsTemp": false,
      "comments": "Auto generated from ontology [Ont-101:uml].",
      "id": "Prt-104",
      "lastModified": 1503519013000
    },
    {
      "accessibility": "IMPORT",
      "isDirect": false,
      "type": "repository",
      "accessName": "prt-105",
      "ontologyId": "Ont-102",
      "friendId": "",
      "associatedRepositoryId": "",
      "importUrl": "",
      "prefix": "",
      "isImported": false,
      "viewConfig": "",
      "modelInstanceNamespace": "",
      "fileName": "",
      "validationTime": 0,
      "topPropertiesDate": 0,
      "name": "sml rep.",
      "msg": "",
      "isPermanent": false,
      "version": "1",
      "status": "ready",
      "archived": false,
      "tags": "",
      "dateCreated": 1462287859000,
      "mIsTemp": false,
      "comments": "Auto generated from ontology [Ont-102:sml].",
      "id": "Prt-105",
      "lastModified": 1503570435000
    },
    {
      "accessibility": "IMPORT",
      "isDirect": false,
      "type": "undefined",
      "accessName": "prt-107",
      "ontologyId": "Ont-101",
      "friendId": "",
      "associatedRepositoryId": "",
      "importUrl": "",
      "prefix": "",
      "isImported": false,
      "viewConfig": "[\r\n  {\r\n    \"content\": [\r\n      \"http://purl.org/dc/terms/title\"\r\n    ],\r\n    \"title\": \"Title\",\r\n    \"forText\": \"true\",\r\n    \"tag\": \"\u003ci\u003e%\u003c/i\u003e\",\r\n    \"forView\": \"true\"\r\n  },\r\n  {\r\n    \"content\": [\r\n      \"http://purl.org/dc/terms/description\"\r\n    ],\r\n    \"title\": \"Description\",\r\n    \"forText\": \"true\",\r\n    \"tag\": \"%\",\r\n    \"forView\": \"true\"\r\n  },\r\n  {\r\n    \"title\": \"HasClass\",\r\n    \"tag\": \"%\",\r\n    \"content\": [\r\n      \"http://psymbiosys.eu/ontologies/uml#hasClass\"\r\n    ],\r\n    \"forText\": false,\r\n    \"forView\": true\r\n  },\r\n  {\r\n    \"title\": \"HasObject\",\r\n    \"tag\": \"%\",\r\n    \"content\": [\r\n      \"http://psymbiosys.eu/ontologies/uml#hasObject\"\r\n    ],\r\n    \"forText\": false,\r\n    \"forView\": true\r\n  }\r\n]",
      "modelInstanceNamespace": "",
      "fileName": "",
      "validationTime": 0,
      "topPropertiesDate": 0,
      "name": "uml rep.-tool",
      "msg": "",
      "isPermanent": false,
      "version": "1",
      "status": "ready",
      "archived": false,
      "tags": "",
      "dateCreated": 1462288023000,
      "mIsTemp": false,
      "comments": "Auto generated from repository [Prt-104:uml rep.].",
      "id": "Prt-107",
      "lastModified": 1464622850000
    },
    {
      "accessibility": "NO_SERVICE",
      "isDirect": false,
      "type": "repository",
      "accessName": "tmpRepositoryPrt-104-Copy",
      "ontologyId": "Ont-101",
      "friendId": "",
      "associatedRepositoryId": "",
      "importUrl": "",
      "prefix": "",
      "isImported": false,
      "viewConfig": "",
      "modelInstanceNamespace": "",
      "fileName": "",
      "validationTime": 0,
      "topPropertiesDate": 0,
      "name": "",
      "msg": "",
      "isPermanent": false,
      "version": "",
      "status": "ready",
      "archived": false,
      "tags": "",
      "dateCreated": 1503392035000,
      "mIsTemp": true,
      "comments": "",
      "id": "Prt-104-Copy",
      "lastModified": 1503521122000
    },
    {
      "accessibility": "IMPORT",
      "isDirect": false,
      "type": "tool",
      "accessName": "prt-117",
      "ontologyId": "Ont-101",
      "friendId": "",
      "associatedRepositoryId": "Prt-104",
      "importUrl": "",
      "prefix": "",
      "isImported": false,
      "viewConfig": "",
      "modelInstanceNamespace": "",
      "fileName": "",
      "validationTime": 0,
      "topPropertiesDate": 0,
      "name": "uml rep.-tool",
      "msg": "",
      "isPermanent": false,
      "version": "1",
      "status": "ready",
      "archived": false,
      "tags": "",
      "dateCreated": 1503521098000,
      "mIsTemp": false,
      "comments": "Auto generated from repository [Prt-104:uml rep.].",
      "id": "Prt-117",
      "lastModified": 1503521394000
    }
  ],
  "rules": [
    {
      "hasApi": false,
      "endpoints": [
        "http://psymbiosys.eu/ontologies/uml#",
        "http://psymbiosys.eu/ontologies/sml#"
      ],
      "interceptorName": "IBM Haifa Semantic Mediator(R)",
      "reversible": true,
      "importUrl": "",
      "prefix": "umlsml",
      "isImported": false,
      "viewConfig": "",
      "modelInstanceNamespace": "http://psymbiosys.eu/rules/uml_sml#",
      "fileName": "loaded",
      "validationTime": 1503570372627,
      "topPropertiesDate": 0,
      "name": "uml_sml",
      "msg": "",
      "isPermanent": false,
      "version": "http://psymbiosys.eu/rules/uml_sml.v0",
      "status": "ready",
      "archived": false,
      "tags": "",
      "dateCreated": 1462278663000,
      "mIsTemp": false,
      "comments": "",
      "id": "Rul-103",
      "lastModified": 1503498433000
    }
  ],
  "mediators": [
    {
      "name": "uml_sml med.",
      "inputPortId": "Prt-104",
      "outputPortId": "Prt-105",
      "ruleSetId": "Rul-103",
      "msg": "",
      "isPermanent": false,
      "version": "1",
      "status": "ready",
      "archived": false,
      "tags": "",
      "dateCreated": 1462287925000,
      "mIsTemp": false,
      "comments": "Auto generated from rule-set [Rul-103:uml_sml].",
      "id": "Mdt-106",
      "lastModified": 1462287950000
    },
    {
      "name": "",
      "inputPortId": "Prt-104-Copy",
      "outputPortId": "Prt-104",
      "ruleSetId": "",
      "msg": "",
      "isPermanent": false,
      "version": "",
      "status": "updated",
      "archived": false,
      "tags": "",
      "dateCreated": 1503392035000,
      "mIsTemp": true,
      "comments": "",
      "id": "Mdt-1503392035410",
      "lastModified": 1503521122000
    }
  ],
  "friends": [],
  "shapes": [],
  "catalogs": [],
  "idURI": "http://localhost:8080/Database/null",
  "lastModified": 1462210924000
}