{
  "version": "2.0",
  "counter": 196,
  "ontologies": [
    {
      "modelInstanceNamespace": "http://com.ibm.ns/rhapsody/haifa/sm#",
      "fileName": "SM.model.rdf\\Ontology\\/rhapsody/haifa/sm.owl",
      "name": "Rhapsody SysML",
      "version": "http://com.ibm.ns/rhapsody/haifa/sm.v4",
      "status": "ready",
      "archived": false,
      "dateCreated": 1338366508000,
      "id": "Ont-137",
      "lastModified": 1341524425000
    },
    {
      "modelInstanceNamespace": "http://open-services.net/ns/am#",
      "fileName": "SM.model.rdf\\Ontology\\/ns/am.owl",
      "name": "OSLC AM",
      "version": "",
      "status": "ready",
      "archived": false,
      "dateCreated": 1338802763000,
      "id": "Ont-138",
      "lastModified": 1341524427000
    },
    {
      "modelInstanceNamespace": "http://com.ibm.ns/haifa/sm#",
      "fileName": "SM.model.rdf\\Ontology\\/haifa/sm.owl",
      "name": "SM base ontology",
      "version": "http://com.ibm.ns/haifa/sm.v1",
      "status": "ready",
      "archived": false,
      "dateCreated": 1338929817000,
      "id": "Ont-145",
      "lastModified": 1341524429000
    },
    {
      "modelInstanceNamespace": "http://rules#",
      "fileName": "SM.model.rdf\\Ontology\\.owl",
      "name": "Structure rules ontology",
      "version": "http://rules/v.2",
      "status": "ready",
      "archived": false,
      "dateCreated": 1338957605000,
      "id": "Ont-146",
      "lastModified": 1341767986000
    },
    {
      "modelInstanceNamespace": "http://www.w3.org/2000/01/rdf-schema#",
      "fileName": "SM.model.rdf\\Ontology\\/2000/01/rdf-schema.owl",
      "ontologyDescription": {
        "base": "http://www.w3.org/2000/01/rdf-schema#",
        "imports": [],
        "label": "",
        "title": "",
        "description": "",
        "lastModified": 1343915828000
      },
      "name": "RDFS",
      "version": "",
      "status": "ready",
      "archived": false,
      "dateCreated": 1341042231000,
      "id": "Ont-148",
      "lastModified": 1341524431000
    },
    {
      "modelInstanceNamespace": "http://www.w3.org/1999/02/22-rdf-syntax-ns#",
      "fileName": "SM.model.rdf\\Ontology\\/1999/02/22-rdf-syntax-ns.owl",
      "ontologyDescription": {
        "base": "http://www.w3.org/1999/02/22-rdf-syntax-ns#",
        "imports": [],
        "label": "",
        "title": "",
        "description": "",
        "lastModified": 1343915843000
      },
      "name": "RDF",
      "version": "",
      "status": "ready",
      "archived": false,
      "dateCreated": 1341124626000,
      "id": "Ont-149",
      "lastModified": 1341524433000
    },
    {
      "modelInstanceNamespace": "http://www.w3.org/2002/07/owl",
      "fileName": "SM.model.rdf\\Ontology\\/2002/07/owl.owl",
      "ontologyDescription": {
        "base": "http://www.w3.org/2002/07/owl",
        "version": "http://www.w3.org/2002/07/owl",
        "imports": [
          "http://www.w3.org/2000/01/rdf-schema"
        ],
        "label": "",
        "title": "",
        "description": "",
        "lastModified": 1344331965000
      },
      "name": "OWL",
      "version": "http://www.w3.org/2002/07/owl",
      "status": "ready",
      "archived": false,
      "dateCreated": 1344331945000,
      "id": "Ont-195",
      "idURI": "https://ibm.com/rational/SM/Ontology/Ont-195",
      "baseURL": "https://ibm.com/rational/SM/",
      "lastModified": 1344331945000
    },
    {
      "modelInstanceNamespace": "http://www.w3.org/2001/XMLSchema",
      "fileName": "",
      "name": "XMLSchema",
      "version": "",
      "status": "updated",
      "archived": false,
      "dateCreated": 1344332014000,
      "id": "Ont-196",
      "idURI": "https://ibm.com/rational/SM/Ontology/Ont-196",
      "baseURL": "https://ibm.com/rational/SM/",
      "lastModified": 1344332014000
    }
  ],
  "ports": [
    {
      "type": "get",
      "accessName": "ga",
      "ontologyId": "Ont-137",
      "name": "GA",
      "version": "",
      "status": "ready",
      "archived": false,
      "dateCreated": 1342959943000,
      "id": "Prt-158",
      "idURI": "https://ibm.com/rational/DANSE/Port/Prt-158",
      "baseURL": "https://ibm.com/rational/DANSE/",
      "lastModified": 1342959943000
    },
    {
      "type": "post",
      "accessName": "pa",
      "ontologyId": "Ont-137",
      "name": "PA",
      "version": "",
      "status": "ready",
      "archived": false,
      "dateCreated": 1342959970000,
      "id": "Prt-159",
      "idURI": "https://ibm.com/rational/DANSE/Port/Prt-159",
      "baseURL": "https://ibm.com/rational/DANSE/",
      "lastModified": 1342959970000
    },
    {
      "type": "repository",
      "accessName": "ra",
      "ontologyId": "Ont-137",
      "name": "RA",
      "version": "",
      "status": "ready",
      "archived": false,
      "dateCreated": 1342964504000,
      "id": "Prt-160",
      "idURI": "https://ibm.com/rational/DANSE/Port/Prt-160",
      "baseURL": "https://ibm.com/rational/DANSE/",
      "lastModified": 1342964504000
    },
    {
      "type": "get",
      "accessName": "gb",
      "ontologyId": "Ont-137",
      "name": "GB",
      "version": "",
      "status": "ready",
      "archived": false,
      "dateCreated": 1342966731000,
      "id": "Prt-163",
      "idURI": "https://ibm.com/rational/DANSE/Port/Prt-163",
      "baseURL": "https://ibm.com/rational/DANSE/",
      "lastModified": 1342966731000
    },
    {
      "type": "post",
      "accessName": "pb",
      "ontologyId": "Ont-137",
      "name": "PB",
      "version": "",
      "status": "ready",
      "archived": false,
      "dateCreated": 1342966760000,
      "id": "Prt-164",
      "idURI": "https://ibm.com/rational/DANSE/Port/Prt-164",
      "baseURL": "https://ibm.com/rational/DANSE/",
      "lastModified": 1342966760000
    },
    {
      "type": "pipe",
      "accessName": "pipeb",
      "ontologyId": "Ont-137",
      "name": "pipeB",
      "version": "",
      "status": "ready",
      "archived": false,
      "dateCreated": 1342966764000,
      "id": "Prt-165",
      "idURI": "https://ibm.com/rational/DANSE/Port/Prt-165",
      "baseURL": "https://ibm.com/rational/DANSE/",
      "lastModified": 1342966764000
    },
    {
      "type": "repository",
      "accessName": "rb",
      "ontologyId": "Ont-137",
      "name": "RB",
      "version": "",
      "status": "ready",
      "archived": false,
      "dateCreated": 1342966768000,
      "id": "Prt-166",
      "idURI": "https://ibm.com/rational/DANSE/Port/Prt-166",
      "baseURL": "https://ibm.com/rational/DANSE/",
      "lastModified": 1342966768000
    },
    {
      "type": "repository",
      "accessName": "rc",
      "ontologyId": "Ont-137",
      "name": "RC",
      "version": "",
      "status": "ready",
      "archived": false,
      "dateCreated": 1342966771000,
      "id": "Prt-167",
      "idURI": "https://ibm.com/rational/DANSE/Port/Prt-167",
      "baseURL": "https://ibm.com/rational/DANSE/",
      "lastModified": 1342966771000
    }
  ],
  "rules": [
    {
      "modelInstanceNamespace": "http://com.ibm.sm/extract/rhapsody/rules#",
      "fileName": "SM.model.rdf\\Ruleset\\/extract/rhapsody/rules.owl",
      "name": "Rhapsody Import extraction rules",
      "version": "http://com.ibm.sm/extract/rhapsody/rules/v.2",
      "status": "ready",
      "archived": false,
      "dateCreated": 1337781908000,
      "id": "Rul-133",
      "lastModified": 1341768009000
    }
  ],
  "configs": [
    {
      "tool": "Rhapsody",
      "apiName": "rhapsody",
      "inputOntologyId": "",
      "outputOntologyId": "",
      "ruleSetId": "",
      "interceptorClass": "com.ibm.dm.frontService.sm.service.SmPlainMediationModule",
      "service": "export",
      "version": "1",
      "status": "ready",
      "archived": false,
      "dateCreated": 1337118515000,
      "id": "Cnf-113",
      "lastModified": 1341387173000
    },
    {
      "tool": "Rhapsody",
      "apiName": "rhapsody",
      "inputOntologyId": "",
      "outputOntologyId": "",
      "ruleSetId": "Rul-133",
      "interceptorClass": "com.ibm.dm.frontService.sm.interceptor.ExtractInterceptor",
      "service": "import",
      "version": "2",
      "status": "ready",
      "archived": false,
      "dateCreated": 1337533266000,
      "id": "Cnf-121",
      "lastModified": 1341323558000
    },
    {
      "tool": "SystemModeler",
      "apiName": "mm",
      "inputOntologyId": "",
      "outputOntologyId": "",
      "ruleSetId": "",
      "interceptorClass": "com.ibm.dm.frontService.sm.service.SmPlainMediationModule",
      "service": "export",
      "version": "1",
      "status": "ready",
      "archived": false,
      "dateCreated": 1337761984000,
      "id": "Cnf-123",
      "lastModified": 1341477863000
    },
    {
      "tool": "ALES",
      "apiName": "ales",
      "inputOntologyId": "NaN",
      "outputOntologyId": "NaN",
      "ruleSetId": "Rul-133",
      "interceptorClass": "com.ibm.dm.frontService.sm.service.SmPlainMediationModule",
      "service": "export",
      "version": "1",
      "status": "ready",
      "archived": false,
      "dateCreated": 1337780526000,
      "id": "Cnf-129",
      "lastModified": 1342533660000
    }
  ],
  "mediators": [
    {
      "name": "MIA",
      "inputPortId": "Prt-160",
      "outputPortId": "Prt-158",
      "ruleSetId": "Rul-133",
      "interceptorClass": "com.ibm.dm.frontService.sm.interceptor.ExtractInterceptor",
      "version": "",
      "status": "ready",
      "archived": false,
      "dateCreated": 1342965516000,
      "id": "Mdt-161",
      "idURI": "https://ibm.com/rational/DANSE/Mediator/Mdt-161",
      "baseURL": "https://ibm.com/rational/DANSE/",
      "lastModified": 1342965516000
    },
    {
      "name": "MEA",
      "inputPortId": "Prt-159",
      "outputPortId": "Prt-160",
      "ruleSetId": "Rul-133",
      "interceptorClass": "com.ibm.dm.frontService.sm.service.SmPlainMediationModule",
      "version": "",
      "status": "ready",
      "archived": false,
      "dateCreated": 1342965660000,
      "id": "Mdt-162",
      "idURI": "https://ibm.com/rational/DANSE/Mediator/Mdt-162",
      "baseURL": "https://ibm.com/rational/DANSE/",
      "lastModified": 1342965660000
    },
    {
      "name": "MEB",
      "inputPortId": "Prt-164",
      "outputPortId": "Prt-166",
      "ruleSetId": "Rul-133",
      "interceptorClass": "com.ibm.dm.frontService.sm.service.SmPlainMediationModule",
      "version": "",
      "status": "ready",
      "archived": false,
      "dateCreated": 1342966999000,
      "id": "Mdt-168",
      "idURI": "https://ibm.com/rational/DANSE/Mediator/Mdt-168",
      "baseURL": "https://ibm.com/rational/DANSE/",
      "lastModified": 1342966999000
    },
    {
      "name": "MIB",
      "inputPortId": "Prt-165",
      "outputPortId": "Prt-163",
      "ruleSetId": "Rul-133",
      "interceptorClass": "com.ibm.dm.frontService.sm.interceptor.ExtractInterceptor",
      "version": "",
      "status": "ready",
      "archived": false,
      "dateCreated": 1342967000000,
      "id": "Mdt-169",
      "idURI": "https://ibm.com/rational/DANSE/Mediator/Mdt-169",
      "baseURL": "https://ibm.com/rational/DANSE/",
      "lastModified": 1342967000000
    },
    {
      "name": "MIC2A",
      "inputPortId": "Prt-167",
      "outputPortId": "Prt-160",
      "ruleSetId": "Rul-133",
      "interceptorClass": "com.ibm.dm.frontService.sm.service.SmPlainMediationModule",
      "version": "",
      "status": "ready",
      "archived": false,
      "dateCreated": 1342967010000,
      "id": "Mdt-170",
      "idURI": "https://ibm.com/rational/DANSE/Mediator/Mdt-170",
      "baseURL": "https://ibm.com/rational/DANSE/",
      "lastModified": 1342967010000
    },
    {
      "name": "MEA2C",
      "inputPortId": "Prt-160",
      "outputPortId": "Prt-167",
      "ruleSetId": "Rul-133",
      "interceptorClass": "com.ibm.dm.frontService.sm.service.SmPlainMediationModule",
      "version": "",
      "status": "ready",
      "archived": false,
      "dateCreated": 1342967086000,
      "id": "Mdt-171",
      "idURI": "https://ibm.com/rational/DANSE/Mediator/Mdt-171",
      "baseURL": "https://ibm.com/rational/DANSE/",
      "lastModified": 1342967086000
    },
    {
      "name": "MEB2C",
      "inputPortId": "Prt-166",
      "outputPortId": "Prt-167",
      "ruleSetId": "Rul-133",
      "interceptorClass": "com.ibm.dm.frontService.sm.service.SmPlainMediationModule",
      "version": "",
      "status": "ready",
      "archived": false,
      "dateCreated": 1342967092000,
      "id": "Mdt-172",
      "idURI": "https://ibm.com/rational/DANSE/Mediator/Mdt-172",
      "baseURL": "https://ibm.com/rational/DANSE/",
      "lastModified": 1342967092000
    },
    {
      "name": "MIC2B",
      "inputPortId": "Prt-167",
      "outputPortId": "Prt-165",
      "ruleSetId": "Rul-133",
      "interceptorClass": "com.ibm.dm.frontService.sm.service.SmPlainMediationModule",
      "version": "",
      "status": "ready",
      "archived": false,
      "dateCreated": 1342967093000,
      "id": "Mdt-173",
      "idURI": "https://ibm.com/rational/DANSE/Mediator/Mdt-173",
      "baseURL": "https://ibm.com/rational/DANSE/",
      "lastModified": 1342967093000
    }
  ],
  "lastModified": 1342947550000
}